<?xml version = "1.0" encoding = "utf-8" ?> 

<component name = "VideoScene" extends = "Scene" >

  <script type = "text/brightscript" uri="pkg:/components/videoscene.brs" />

  <children >

    <LabelList 
      id = "videoLabelList" 
      translation = "[ 140, 100 ]" 
      itemSize = "[ 350, 60 ]" />

    <Poster 
      id = "tvPoster" 
      translation = "[ 560, 100 ]" 
      width = "647" 
      height = "448" 
      uri = "pkg:/images/cindalia_frame_hd.png" >

      <Poster 
        id = "videoPoster" 
        translation = "[ 53, 45 ]" 
        width = "540" 
        height = "304" />

      <Rectangle 
        id = "infoRectangle" 
        translation = "[ 0, 460 ]" 
        width = "647" 
        height = "76" 
        color = "0x101010FF" >

        <Label 
          id = "infoLabel" 
          translation = "[ 20, 20 ]" 
          width = "607" 
          height = "36" 
          font = "font:LargeBoldSystemFont" 
          horizalign = "center" 
          vertalign = "center" 
          wrap = "true" />

      </Rectangle>

    </Poster>

    <Video id = "videoFrame" visible="false"/>

  </children>

</component>
